user_id,pred_proba,pred_label
x1007330705049780224,[0.04846942 0.95153058],1
x50558906,[0.9892527 0.0107473],0
